code,country,name,sources
AT-LP,AT,"Lehrpläne Mathematik (Volksschule, Mittelschule und AHS)",https://www.ris.bka.gv.at/GeltendeFassung.wxe?Abfrage=Bundesnormen&Gesetzesnummer=10008568 https://www.ris.bka.gv.at/GeltendeFassung.wxe?Abfrage=Bundesnormen&Gesetzesnummer=10009275
CH-LP21,CH,Lehrplan 21 — Fachbereichslehrplan Mathematik,https://v-fe.lehrplan.ch/index.php?code=b|5|0
CH-RLP24,CH,Rahmenlehrplan Gymnasiale Maturitätsschulen — Mathematik,https://edudoc.ch/record/236136/files/A_PLE-2024-2_d_03_rlp-maturitaetsschulen.pdf
DE-KMK,DE,KMK Bildungsstandards Mathematik,https://www.kmk.org/fileadmin/veroeffentlichungen_beschluesse/2022/2022_06_23-Bista-Primarbereich-Mathe.pdf https://www.kmk.org/fileadmin/Dateien/veroeffentlichungen_beschluesse/2022/2022_06_23-Bista-ESA-MSA-Mathe.pdf https://www.kmk.org/fileadmin/veroeffentlichungen_beschluesse/2012/2012_10_18-Bildungsstandards-Mathe-Abi.pdf
DE-NW,DE,Kernlehrpläne Mathematik Nordrhein-Westfalen,https://lehrplannavigator.nrw.de/system/files/media/document/file/g9_m_klp_3401_2019_06_23_0.pdf https://lehrplannavigator.nrw.de/system/files/media/document/file/rs_m_klp_2022_06_17.pdf
ES-LOMLOE,ES,"Enseñanzas mínimas LOMLOE (RD 157/2022, RD 217/2022 y RD 243/2022) — Matemáticas",https://www.boe.es/buscar/act.php?id=BOE-A-2022-5521 https://www.boe.es/buscar/act.php?id=BOE-A-2022-4975 https://www.boe.es/buscar/act.php?id=BOE-A-2022-3296
FR-MEN,FR,Programmes de l’Éducation nationale — Mathématiques,https://www.education.gouv.fr/bo/2026/Hebdo10/MENE2602912A https://www.education.gouv.fr/bo/2024/Hebdo41/MENE2415135A https://www.education.gouv.fr/bo/2025/Hebdo16/MENE2504620A https://www.education.gouv.fr/bo/2026/Hebdo14/MENE2602914A https://www.education.gouv.fr/bo/2026/Hebdo14/MENE2602917A https://www.education.gouv.fr/bo/2026/Hebdo14/MENE2602919A
FR-MEN20,FR,"Programmes de l’Éducation nationale avant la réforme 2026 — Mathématiques (cycle 4 2020, terminale 2019)",https://eduscol.education.fr/document/621/download https://www.education.gouv.fr/bo/19/Special8/MENE1921246A.htm
GB-NC,GB,National Curriculum in England — Mathematics,https://assets.publishing.service.gov.uk/media/5a7c1408e5274a1f5cc75a68/SECONDARY_national_curriculum_-_Mathematics.pdf https://assets.publishing.service.gov.uk/media/5a7dc9dced915d2ac884d8ef/KS4_maths_PoS_FINAL_170714.pdf https://assets.publishing.service.gov.uk/media/5a7da548ed915d2ac884cb07/PRIMARY_national_curriculum_-_Mathematics_220714.pdf
IT-LICEI10,IT,Indicazioni nazionali per i licei (DM 211/2010) — Matematica,https://www.gazzettaufficiale.it/eli/id/2010/12/14/010G0232/sg
IT-MIM,IT,Indicazioni nazionali per il curricolo 2025 (DM 221/2025) — Matematica,https://www.gazzettaufficiale.it/eli/id/2026/01/27/26G00021/sg
IT-MIUR12,IT,Indicazioni nazionali per il curricolo 2012 (DM 254/2012) — Matematica,https://www.gazzettaufficiale.it/eli/id/2013/02/05/13G00034/sg
NL-HAVOVWO,NL,"Examenprogramma's wiskunde havo en vwo (wiskunde A, B en C)",https://www.examenblad.nl/2027/havo/documenten/examenprogramma-wiskunde-a-havo https://www.examenblad.nl/2027/havo/documenten/examenprogramma-wiskunde-b-havo https://www.examenblad.nl/2027/vwo/documenten/examenprogramma-wiskunde-a-vwo-2018 https://www.examenblad.nl/2027/vwo/documenten/examenprogramma-wiskunde-b-vwo-2018 https://www.examenblad.nl/2027/vwo/documenten/examenprogramma-wiskunde-c-vwo-2018
NL-KD26,NL,"Vernieuwde kerndoelen rekenen en wiskunde (Stb. 2026, 198)",https://zoek.officielebekendmakingen.nl/stb-2026-198.html
PL-LO,PL,Podstawa programowa MEN — liceum i technikum,https://dziennikustaw.gov.pl/DU/2018/467 https://dziennikustaw.gov.pl/DU/2024/1019 https://dziennikustaw.gov.pl/D2024000101901.pdf
PL-MEN,PL,Podstawa programowa MEN 2017,https://dziennikustaw.gov.pl/DU/2017/356 https://dziennikustaw.gov.pl/D2017000035601.pdf https://dziennikustaw.gov.pl/DU/2024/996 https://dziennikustaw.gov.pl/DU/2026/378 https://www.gov.pl/web/edukacja https://zpe.gov.pl
PL-MEN26,PL,Podstawa programowa MEN 2026 (Kompas Jutra),https://dziennikustaw.gov.pl/DU/2026/378 https://dziennikustaw.gov.pl/D2026000037801.pdf
US-CCSS,US,Common Core State Standards for Mathematics,https://learning.ccsso.org/wp-content/uploads/2022/11/ADA-Compliant-Math-Standards.pdf https://www.oregon.gov/ode/educator-resources/standards/mathematics/Documents/math-appendix-a-model-course-pathways.pdf
